runNumber,totalCustomersNumber,salary,productCosts,startingBalance,startingRevenue,step,resultRevenue,resultCosts,resultProductPrice,ticksPassed
1,1,1,1,1,10000,32123,11070.268090757792,10994.6196763185,1.1142705314999999,32123
2,10,1,1,1,10000,35613,20436.020103238294,20347.511959675903,1.3179821635998754,35613
3,50,1,1,1,10000,100000,159072.60386166058,113047.81861032112,2.5037561993356485,100000
6,1,10,1,1,10000,5093,11690.642951489657,11591.50154266513,1.1703259660376024,5093
4,70,1,1,1,10000,100000,218046.32297475234,156850.67823327892,2.389976882254477,100000
7,10,10,1,1,10000,100000,322602.11404723994,112448.37569608835,17.18598522846108,100000
5,100,1,1,1,10000,100000,304844.12101478846,203312.76936626388,2.289284003240149,100000
8,50,10,1,1,10000,100000,1480231.4430035097,186841.06359821375,38.61568302079427,100000
11,1,50,1,1,10000,1696,12774.49963953363,12686.052578676237,1.1380932804332895,1696
9,70,10,1,1,10000,100000,2065415.4667646869,227651.273150736,44.77586786264433,100000
12,10,50,1,1,10000,100000,1619974.9331757666,196239.2509250096,101.03566321941547,100000
10,100,10,1,1,10000,100000,2824932.635559053,268245.9022856624,62.913633647865844,100000
13,50,50,1,1,10000,100000,8141519.638526081,373195.73692931293,101.00289987970635,100000
16,1,70,1,1,10000,1416,13233.919133372921,13183.74213550763,1.1609689553699987,1416
17,10,70,1,1,10000,100000,2292905.655642736,224484.58186812256,101.26307349825723,100000
14,70,50,1,1,10000,100000,1.130913963916883E7,456058.49930079706,102.49970345498498,100000
15,100,50,1,1,10000,91893,1.4688500504075104E7,1433277.9122176736,0.9920136831456043,91893
19,70,70,1,1,10000,31621,4990181.73307886,927833.1701158531,0.9969921188546172,31621
21,1,100,1,1,10000,727,12324.080968384076,12288.317496986801,1.1156683466653166,727
20,100,70,1,1,10000,16531,3862499.735927519,561191.7486363378,0.9873099740262499,16531
18,50,70,1,1,10000,100000,1.1136287525517426E7,445367.40697007003,102.64780960985586,100000
23,50,100,1,1,10000,38431,5891950.668479937,1068899.7769837962,0.9989350724637029,38431
22,10,100,1,1,10000,100000,3293501.3165022554,280277.8345889919,64.25743469854054,100000
25,100,100,1,1,10000,15335,5012637.483196647,666474.9978492957,0.9726081063288523,15335
26,1,1,10,1,10000,100000,11917.99,11599,10.201,100000
24,70,100,1,1,10000,57931,1.3073062506345376E7,1446339.5411337106,0.992021135446233,57931
27,10,1,10,1,10000,100000,29216.19919800001,25387.980000000003,10.30301,100000
28,50,1,10,1,10000,100000,106099.14558900005,101838.89000000006,10.30301,100000
29,70,1,10,1,10000,100000,142559.10518800007,137218.88000000003,10.30301,100000
31,1,10,10,1,10000,44550,24841.905089886302,24413.583386658607,11.929380310239004,44550
30,100,1,10,1,10000,100000,202180.3023659397,196578.77989999982,10.4060401,100000
32,10,10,10,1,10000,100000,251585.79669239098,223480.7053125944,15.91515333589945,100000
33,50,10,10,1,10000,100000,1555500.8145040688,929804.5862498215,26.131188785831934,100000
36,1,50,10,1,10000,8580,24274.44061436619,23745.446564139875,12.046292170762504,8580
34,70,10,10,1,10000,100000,1963374.0012264508,1241741.1602510242,23.428848958479357,100000
37,10,50,10,1,10000,100000,1631641.8468706291,420209.00661145657,105.33289082455245,100000
35,100,10,10,1,10000,100000,2842850.2558776815,1791617.3559708665,23.899768822544793,100000
38,50,50,10,1,10000,100000,7540460.23302084,1293691.3733066975,104.51164528748727,100000
41,1,70,10,1,10000,11281,36301.267367262015,35402.43879615519,13.959688881526086,11281
42,10,70,10,1,10000,100000,2279539.7604627386,499800.3846587295,63.20457526143983,100000
39,70,50,10,1,10000,100000,1.143639558269302E7,1837991.6377113059,90.75673872210751,100000
40,100,50,10,1,10000,100000,1.6206445634423612E7,2435342.959598659,105.11945318331543,100000
45,100,70,10,1,10000,17528,4034336.087023734,1488895.328838193,9.654784956605171,17528
46,1,100,10,1,10000,4801,25937.495609530306,25558.85873174796,11.257421197123607,4801
43,50,70,10,1,10000,100000,1.1229645570261123E7,1616162.789667872,108.11432596354203,100000
48,50,100,10,1,10000,17825,2839491.2222163468,986955.6993000988,9.612003687608967,17825
47,10,100,10,1,10000,100000,3299337.77026185,647132.9383663203,105.9151163128818,100000
44,70,70,10,1,10000,100000,1.56787296873782E7,2186248.6444945997,110.89186867252415,100000
49,70,100,10,1,10000,46201,1.0317589298293917E7,3260275.295194514,9.945417532604417,46201
51,1,1,50,1,10000,100000,10000,5800,50.5,100000
52,10,1,50,1,10000,100000,10000,4500,50.5,100000
50,100,100,10,1,10000,100000,3.265797892830221E7,4329952.956103592,104.93698557180362,100000
53,50,1,50,1,10000,100000,10000,3300,50.5,100000
56,1,10,50,1,10000,68400,32798.4495984975,32548.997499999998,51.51505,68400
54,70,1,50,1,10000,100000,10000,3700,50.5,100000
57,10,10,50,1,10000,100000,297031.8867627575,289146.18675937504,56.34125150659849,100000
58,50,10,50,1,10000,100000,1377529.4772606199,1310674.1426754985,57.47371066188112,100000
55,100,1,50,1,10000,100000,10000,3600,50.5,100000
61,1,50,50,1,10000,43535,82531.44198919578,81089.1212992892,59.12375320806155,43535
62,10,50,50,1,10000,100000,1623060.2173836671,926242.0794754981,124.87464517803487,100000
59,70,10,50,1,10000,100000,1881553.7817235056,1789357.8808104312,57.47371066188112,100000
60,100,10,50,1,10000,100000,2818183.564307132,2634207.156645783,61.00950199739835,100000
63,50,50,50,1,10000,100000,7882673.013192756,4012582.9490388273,96.73677304967272,100000
66,1,70,50,1,10000,27661,74513.28784060289,72923.54851270921,61.436308597730864,27661
64,70,50,50,1,10000,100000,1.1163081474195434E7,5233131.837989107,124.36853393631247,100000
67,10,70,50,1,10000,100000,2138624.4390858817,1190635.9942700493,124.87688309315767,100000
65,100,50,50,1,10000,100000,1.544845258618073E7,6991764.585337086,128.97584990147112,100000
68,50,70,50,1,10000,100000,1.0392712350964338E7,5158010.497617793,95.76717337144218,100000
69,70,70,50,1,10000,100000,1.2847152201031102E7,5833065.262558607,128.47849723650697,100000
70,100,70,50,1,10000,46028,9568605.42737458,6584823.979659977,49.93627315840642,46028
71,1,100,50,1,10000,100000,337121.81438584207,322645.92669357185,86.9218035805151,100000
72,10,100,50,1,10000,100000,2804271.9814475332,1417068.3188040527,124.79081540506274,100000
75,100,100,50,1,10000,20881,6716063.61604515,4463718.416805649,49.88412023622795,20881
76,1,1,70,1,10000,100000,10000,400,70.7,100000
73,50,100,50,1,10000,100000,1.5551720520450402E7,6978023.975853394,124.51960053894749,100000
77,10,1,70,1,10000,100000,10000,4200,70.7,100000
74,70,100,50,1,10000,100000,2.1332895813218515E7,9519247.88151046,124.91720048088719,100000
78,50,1,70,1,10000,100000,10000,4000,70.7,100000
81,1,10,70,1,10000,100000,37546.7156130551,37404.0351,72.8422807,100000
79,70,1,70,1,10000,100000,10000,3800,70.7,100000
82,10,10,70,1,10000,100000,287014.58712515066,279271.33582073543,75.04947464749071,100000
80,100,1,70,1,10000,100000,10000,3800,70.7,100000
83,50,10,70,1,10000,100000,1249504.1344585125,1206496.8171009847,77.32354877878433,100000
86,1,50,70,1,10000,34172,66935.45737805602,65310.98229828899,82.67887343730001,34172
84,70,10,70,1,10000,100000,1598772.573465336,1548061.7010638115,77.32354877878433,100000
87,10,50,70,1,10000,100000,1233052.012211896,806127.3155202453,134.80137558802704,100000
88,50,50,70,1,10000,100000,7326711.17813878,4244527.675515993,139.22790018570973,100000
85,100,10,70,1,10000,100000,2432421.842049681,2326631.5882711704,79.66652963033027,100000
89,70,50,70,1,10000,100000,1.096115584935428E7,6239551.965275013,137.90063798629794,100000
91,1,70,70,1,10000,41250,106214.84105589053,104038.83221640321,87.73964976076334,41250
92,10,70,70,1,10000,100000,1668218.520687709,1063290.646993682,136.10368972129098,100000
90,100,50,70,1,10000,100000,1.102709083696448E7,6276256.071672022,143.49812169863236,100000
93,50,70,70,1,10000,100000,1.1016769159179967E7,6045118.293040474,138.44195336330543,100000
94,70,70,70,1,10000,100000,8645558.64578067,5041891.552537722,144.93683438459556,100000
95,100,70,70,1,10000,76081,1.0749113030051276E7,7416501.390583984,69.89121031183163,76081
96,1,100,70,1,10000,100000,334822.0909807463,326229.090444644,113.61213420973766,100000
97,10,100,70,1,10000,100000,2985588.768929636,1794196.3429316594,138.16501547079312,100000
98,50,100,70,1,10000,100000,1.2977249226277318E7,7038332.468264291,141.5157972869026,100000
100,100,100,70,1,10000,59911,1.828562176246003E7,1.1559315047645496E7,69.89118015020173,59911
101,1,1,100,1,10000,100000,10000,7200,101,100000
99,70,100,70,1,10000,100000,1.8693361606365282E7,1.0319566961249504E7,137.22881709639594,100000
102,10,1,100,1,10000,100000,10000,4600,101,100000
103,50,1,100,1,10000,100000,10000,4100,101,100000
106,1,10,100,1,10000,100000,39985.778393990004,37195.99,104.060401,100000
104,70,1,100,1,10000,100000,10000,3700,101,100000
107,10,10,100,1,10000,100000,229612.27917343334,223851.2477498899,108.28567056280801,100000
105,100,1,100,1,10000,100000,10000,3600,101,100000
108,50,10,100,1,10000,100000,1107141.1593557359,1065957.56642857,110.46221254112045,100000
109,70,10,100,1,10000,100000,1618472.5378917202,1523077.4449117726,117.25786449236986,100000
111,1,50,100,1,10000,63990,116642.9478193195,114735.89024737549,124.1376098764975,63990
110,100,10,100,1,10000,100000,2279072.1373919975,2167275.217632608,114.94742132376224,100000
112,10,50,100,1,10000,100000,1398746.233937081,1071690.7486769466,123.2989099635312,100000
113,50,50,100,1,10000,100000,6282088.5681805555,4472236.732247892,150.9137137716684,100000
116,1,70,100,1,10000,25266,68931.5429526984,67249.95620829999,120.45154121700001,25266
114,70,50,100,1,10000,100000,8714882.453738596,6009130.911928373,153.7508221717286,100000
117,10,70,100,1,10000,100000,1185602.8610534323,916013.3053173702,155.01168140199752,100000
115,100,50,100,1,10000,100000,1.2458085116827002E7,8260013.306536338,161.81574105288857,100000
119,70,70,100,1,10000,16051,1991292.5402450499,1680707.2927475988,98.92800897085375,16051
121,1,100,100,1,10000,34053,123470.12872281198,121098.97370190053,134.19152719124753,34053
122,10,100,100,1,10000,27961,834723.9943283892,745014.9972219458,99.30624710173808,27961
118,50,70,100,1,10000,100000,7519392.6662522135,5108716.279157471,156.79615722785155,100000
120,100,70,100,1,10000,83461,1.5660942271118026E7,1.118712413689827E7,99.83810630875287,83461
123,50,100,100,1,10000,100000,1.1729373737898355E7,8040676.915797405,152.78595692703618,100000
126,1,1,1,10,10000,25178,10848.655583275162,10795.73394685,1.10323815,25178
125,100,100,100,1,10000,13682,3611716.1553325457,3135114.2220525094,99.40531619790502,13682
124,70,100,100,1,10000,100000,1.9379125400844913E7,1.3194060250925226E7,151.65633208453775,100000
127,10,1,1,10,10000,54121,26976.527763482605,26814.556813068604,1.5589364830720271,54121
128,50,1,1,10,10000,100000,160515.08654999186,139441.8871123493,1.8851768261114654,100000
131,1,10,1,10,10000,9060,13022.954201915963,12884.794869041514,1.4373058309571274,9060
129,70,1,1,10,10000,100000,215097.59944619646,158265.7846187882,2.414582065515834,100000
132,10,10,1,10,10000,100000,327997.1952777472,121232.2072108815,14.966967034078918,100000
130,100,1,1,10,10000,100000,291955.8164302438,178476.15230875154,2.876321829361727,100000
133,50,10,1,10,10000,100000,1517455.0561592379,186541.21014268964,37.1341126092696,100000
136,1,50,1,10,10000,1419,12324.080968384076,12288.317496986801,1.1156683466653166,1419
134,70,10,1,10,10000,100000,2168192.1854187464,239028.42671501057,43.55417797659702,100000
137,10,50,1,10,10000,100000,1622234.5875082684,177691.49287044804,101.58028317365016,100000
138,50,50,1,10,10000,100000,8131757.574736168,375026.36845138477,91.34664168096567,100000
139,70,50,1,10,10000,100000,1.0407467989681039E7,427858.52588377154,101.82158684714923,100000
141,1,70,1,10,10000,1030,12324.080968384076,12288.317496986801,1.1156683466653166,1030
135,100,10,1,10,10000,100000,3024317.855256797,262791.77312949183,53.48086319225921,100000
142,10,70,1,10,10000,100000,2299684.7131620147,221588.94589180793,100.23628520852094,100000
144,70,70,1,10,10000,17314,2796306.374406666,428801.8270710711,0.9914234023323547,17314
140,100,50,1,10,10000,76112,1.2093681493389552E7,1225326.767084564,0.9920404011370273,76112
146,1,100,1,10,10000,1351,14423.028364429858,14377.760805965256,1.220190039947967,1351
145,100,70,1,10,10000,16831,3883880.620351668,560964.1901290028,0.9569957553991232,16831
143,50,70,1,10,10000,100000,1.1456548221536648E7,477049.2652706275,72.4912550768736,100000
147,10,100,1,10,10000,100000,3293630.5100696054,282899.50354323175,101.19635337364325,100000
149,70,100,1,10,10000,16023,3687917.36415144,502571.806035839,0.9588504843313727,16023
151,1,1,10,10,10000,100000,11917.99,9299,10.201,100000
148,50,100,1,10,10000,100000,1.6028858678762518E7,595599.4722850824,102.86201621776743,100000
152,10,1,10,10,10000,100000,27316.519583939902,23687.9599,10.4060401,100000
153,50,1,10,10,10000,100000,106135.44478700004,102036.87000000007,10.30301,100000
150,100,100,1,10,10000,100000,3.231274715005989E7,976528.0033869571,101.59271568928509,100000
156,1,10,10,10,10000,44520,24841.905089886302,24313.583386658607,11.929380310239004,44520
157,10,10,10,10,10000,100000,323798.1910802849,258690.2694181138,18.116178757676188,100000
154,70,1,10,10,10000,100000,144531.70477193999,139114.83990000002,10.4060401,100000
155,100,1,10,10,10000,100000,200353.06036093968,194874.72989999977,10.4060401,100000
158,50,10,10,10,10000,100000,1554528.6640192987,1012719.8997359725,22.29826026810559,100000
161,1,50,10,10,10000,14400,33981.888028529764,33126.35547443232,13.558207966027222,14400
159,70,10,10,10,10000,100000,2173239.7830746137,1386749.0267215515,24.387278861709916,100000
162,10,50,10,10,10000,100000,1629406.4818901503,452158.5635057991,102.37515601197072,100000
160,100,10,10,10,10000,100000,3114505.823284961,1731737.4925470115,27.437748225123528,100000
163,50,50,10,10,10000,100000,8083047.1578087965,1427420.138912108,48.671497765174344,100000
166,1,70,10,10,10000,12420,38970.22260274494,37958.65400067547,14.37847954797187,12420
164,70,50,10,10,10000,100000,1.1341794731804471E7,1872016.4688853982,54.36069470553713,100000
167,10,70,10,10,10000,100000,2293893.003866182,511402.0564038681,105.6300908147924,100000
169,70,70,10,10,10000,20251,3177173.74487024,1329807.6453358445,9.99008210641304,20251
165,100,50,10,10,10000,61352,1.0111339804369302E7,3521988.365410627,9.966915739788657,61352
171,1,100,10,10,10000,13621,55403.02381038694,54069.44425450351,16.828937005355055,13621
168,50,70,10,10,10000,100000,1.124563153504216E7,1627790.7195238604,109.28592957743803,100000
172,10,100,10,10,10000,100000,3290875.568767112,638055.9419833943,105.7433528296347,100000
174,70,100,10,10,10000,17432,4035884.1386596295,1506353.4681547016,9.682663191557204,17432
175,100,100,10,10,10000,15850,5126307.880722643,1746168.0317557547,9.550885384391526,15850
173,50,100,10,10,10000,93815,1.5503548552572608E7,3552881.400390654,9.945644672935247,93815
176,1,1,50,10,10000,100000,10000,4400,50.5,100000
177,10,1,50,10,10000,100000,10000,3100,50.5,100000
170,100,70,10,10,10000,100000,2.2472175590916425E7,3060485.497350131,108.47845406944955,100000
178,50,1,50,10,10000,100000,10000,3600,50.5,100000
181,1,10,50,10,10000,100000,40497.3479344273,40447.487474999994,52.550502505,100000
179,70,1,50,10,10000,100000,10000,3600,50.5,100000
182,10,10,50,10,10000,100000,295301.72985041747,288885.1974701768,54.68426363421804,100000
180,100,1,50,10,10000,100000,10000,3900,50.5,100000
183,50,10,50,10,10000,100000,1338728.8832831883,1261817.9980943946,59.21522156864678,100000
186,1,50,50,10,10000,38528,74202.30954099123,72945.30895969227,58.53836951293223,38528
184,70,10,50,10,10000,100000,1952613.0883180369,1854555.1066134365,58.04844776849993,100000
187,10,50,50,10,10000,100000,1603270.420669074,992881.0013398159,125.35451765940081,100000
188,50,50,50,10,10000,100000,7551943.468424166,3580690.6577821365,126.67009762043855,100000
185,100,10,50,10,10000,100000,2603989.3416743176,2473966.008095518,58.04844776849993,100000
191,1,70,50,10,10000,20371,57534.88950089529,55936.765358325,60.225770608500014,20371
189,70,50,50,10,10000,100000,1.1042198953996217E7,5067789.485901732,127.9597520796789,100000
192,10,70,50,10,10000,100000,2276865.727187709,1304299.7744566067,126.37457438188176,100000
193,50,70,50,10,10000,100000,8147769.602775995,3895305.497979153,124.48586037328637,100000
190,100,50,50,10,10000,100000,1.6052335452594502E7,7523463.485874659,124.37617600727874,100000
196,1,100,50,10,10000,41070,146833.89260683476,144173.5272153688,70.53097373876797,41070
194,70,70,50,10,10000,100000,1.5501543274462592E7,6990605.544460948,126.98206934116455,100000
198,50,100,50,10,10000,30932,5142472.832920157,3931234.0490707275,49.62161374514106,30932
197,10,100,50,10,10000,100000,2895947.9734943714,1479665.0722723429,125.41911330001471,100000
199,70,100,50,10,10000,20974,4795956.511446462,3421484.3367005805,49.70490077676441,20974
195,100,70,50,10,10000,100000,2.1670166769212104E7,9762689.151303627,124.46908548928302,100000
201,1,1,70,10,10000,100000,10000,4600,70.7,100000
202,10,1,70,10,10000,100000,10000,3100,70.7,100000
200,100,100,50,10,10000,100000,2.9569732755484488E7,1.3338313291540451E7,70.84125004528893,100000
203,50,1,70,10,10000,100000,10000,3800,70.7,100000
206,1,10,70,10,10000,100000,37546.7156130551,37404.0351,72.8422807,100000
204,70,1,70,10,10000,100000,10000,3800,70.7,100000
207,10,10,70,10,10000,100000,222138.34238557963,217115.0427602808,75.79996939396563,100000
205,100,1,70,10,10000,100000,10000,3300,70.7,100000
208,50,10,70,10,10000,100000,1229850.3547940257,1189854.024650516,76.55796908790528,100000
211,1,50,70,10,10000,45875,86418.18110975334,84661.73563073459,84.34071879338974,45875
212,10,50,70,10,10000,100000,1454907.5329812756,1001374.5482936532,136.70305931453262,100000
209,70,10,70,10,10000,100000,1717313.650222276,1644118.0333138513,79.66652963033027,100000
210,100,10,70,10,10000,100000,2349194.5207255916,2268665.7545080013,78.09678426657217,100000
213,50,50,70,10,10000,100000,5513303.102744063,3254290.7333782413,140.83845432238846,100000
216,1,70,70,10,10000,41252,106214.84105589053,104038.83221640321,87.73964976076334,41252
214,70,50,70,10,10000,100000,7387195.37529888,4447650.511438927,135.07616270079086,100000
217,10,70,70,10,10000,100000,1702142.0542728624,1103611.260349861,136.36597947665547,100000
215,100,50,70,10,10000,100000,9857574.539580954,6136028.726009672,113.22306406389845,100000
219,70,70,70,10,10000,45574,6617507.673257975,5185435.027298761,69.89139847931271,45574
218,50,70,70,10,10000,100000,7043443.452934333,4120401.542339169,142.12252692081702,100000
221,1,100,70,10,10000,49680,175514.76071252587,172678.12402189494,95.93152841455625,49680
222,10,100,70,10,10000,100000,2566451.4585650647,1605116.1005592807,134.48101878916077,100000
220,100,70,70,10,10000,58175,8885775.83419233,6855306.844999472,69.35802477464689,58175
223,50,100,70,10,10000,87241,1.0767116998560043E7,6700030.171515116,69.89209199220807,87241
226,1,1,100,10,10000,100000,10000,2700,101,100000
224,70,100,70,10,10000,100000,1.6969603594785307E7,9682139.856101822,134.62734428534,100000
227,10,1,100,10,10000,100000,10000,3900,101,100000
225,100,100,70,10,10000,100000,2.6893691673279095E7,1.4820157903829185E7,134.6280250905232,100000
228,50,1,100,10,10000,100000,10000,4200,101,100000
229,70,1,100,10,10000,100000,10000,4000,101,100000
231,1,10,100,10,10000,100000,39985.778393990004,37195.99,104.060401,100000
232,10,10,100,10,10000,100000,238697.22389955714,226958.2616206113,113.80932804332895,100000
230,100,1,100,10,10000,100000,10000,3700,101,100000
233,50,10,100,10,10000,100000,1184359.9368165042,1126364.0429377013,112.68250301319698,100000
236,1,50,100,10,10000,63990,116642.9478193195,114735.89024737549,124.1376098764975,63990
234,70,10,100,10,10000,100000,1593908.9164162723,1523203.901141631,112.68250301319698,100000
235,100,10,100,10,10000,100000,2316177.5743643944,2188835.7529422445,114.94742132376224,100000
237,10,50,100,10,10000,100000,1285345.6761634143,967449.1634353813,151.84123608445103,100000
238,50,50,100,10,10000,100000,6478319.879835223,4396683.592248367,159.26743243514207,100000
241,1,70,100,10,10000,33420,87939.40154660244,85997.0888258368,122.87261719546171,33420
239,70,50,100,10,10000,100000,7163292.423374594,4946380.913417679,159.98578688464934,100000
243,50,70,100,10,10000,16351,1838232.0692249641,1558607.491824849,98.92800897085375,16351
242,10,70,100,10,10000,100000,1906360.3569020575,1394122.5127384462,155.72781568688663,100000
245,100,70,100,10,10000,15841,3322541.7070272956,2746633.0141251,95.78751812580167,15841
240,100,50,100,10,10000,100000,9702811.608521556,6946335.3177236775,150.1762351731467,100000
244,70,70,100,10,10000,27391,3829126.2600697773,3105057.3816216527,99.95222518183236,27391
246,1,100,100,10,10000,46860,166127.7175661951,163563.29679918793,141.0366437162686,46860
249,70,100,100,10,10000,13921,2700649.0118698995,2313146.8925967165,99.40531619790502,13921
247,10,100,100,10,10000,100000,3065185.840090698,2226077.334811756,151.16054344568383,100000
251,1,1,1,50,10000,31261,11091.974157607645,10994.509898661001,1.169432439,31261
248,50,100,100,10,10000,100000,1.1652610449194256E7,8148048.163402877,151.28061931837095,100000
252,10,1,1,50,10000,41792,22887.865283249772,22635.168189530777,1.3710968447929497,41792
250,100,100,100,10,10000,53911,1.4148426728039075E7,1.0279919971401619E7,99.83954053113811,53911
253,50,1,1,50,10000,100000,164108.9052620225,122022.70014114826,2.3406333178319922,100000
256,1,10,1,50,10000,8761,12965.75271058254,12685.084496621199,1.409396979870581,8761
254,70,1,1,50,10000,100000,213677.64056968133,163173.43834557236,2.1005969840027072,100000
257,10,10,1,50,10000,100000,330544.40949607955,124816.36271189085,15.918318297902855,100000
255,100,1,1,50,10000,100000,300235.9791626328,199735.87770659066,2.3869824924425265,100000
258,50,10,1,50,10000,100000,1512660.0153440495,189683.0809161758,36.78691457280661,100000
261,1,50,1,50,10000,2648,14423.028364429858,14377.760805965256,1.220190039947967,2648
259,70,10,1,50,10000,100000,2168617.490176348,242493.71834585778,39.39223477033727,100000
262,10,50,1,50,10000,100000,1462064.954468217,191769.416898298,101.23404322588534,100000
260,100,10,1,50,10000,100000,2943639.8500216114,241940.8448845851,66.66960603809008,100000
263,50,50,1,50,10000,100000,7744672.25683139,346209.453902528,104.24021862993794,100000
266,1,70,1,50,10000,1390,13233.919133372921,13183.74213550763,1.1609689553699987,1390
267,10,70,1,50,10000,100000,2303875.513448214,219107.1744323813,101.11151743328352,100000
264,70,50,1,50,10000,100000,1.1224412620854037E7,463853.0268416942,100.6614731600765,100000
265,100,50,1,50,10000,100000,1.5220334625820661E7,598870.561432046,71.76651842352969,100000
268,50,70,1,50,10000,80251,9202620.076593284,920064.3372719764,0.9920469731204269,80251
271,1,100,1,50,10000,1114,13003.073191214255,12884.903104463,1.1494742132376223,1114
270,100,70,1,50,10000,17792,4121212.9940931257,599575.2447056604,0.9861097974176194,17792
272,10,100,1,50,10000,89311,2753583.639175941,732898.8587395707,0.9920459966408811,89311
274,70,100,1,50,10000,16505,3804382.8780799387,521387.4266853558,0.9882669134973139,16505
269,70,70,1,50,10000,100000,1.5780769858470846E7,560744.1713412885,107.08400653006969,100000
275,100,100,1,50,10000,15781,5266591.464249539,628957.7548863116,0.9882301226391799,15781
276,1,1,10,50,10000,100000,11917.99,10899,10.201,100000
273,50,100,1,50,10000,100000,1.6313151698591907E7,606210.5862124332,103.58848525309014,100000
277,10,1,10,50,10000,100000,29216.19919800001,25387.980000000003,10.30301,100000
278,50,1,10,50,10000,100000,106153.75517293994,100935.84990000006,10.4060401,100000
281,1,10,10,50,10000,30990,20375.59165876443,19950.9898661,11.694324390000004,30990
279,70,1,10,50,10000,100000,142522.80599000008,136720.90000000002,10.30301,100000
282,10,10,10,50,10000,100000,334016.26397006423,281414.76700393495,17.07124720417143,100000
280,100,1,10,50,10000,100000,202125.69278199977,196881.81999999983,10.30301,100000
283,50,10,10,50,10000,100000,1545233.1881488888,998211.658395673,23.4356956415245,100000
286,1,50,10,50,10000,14376,33981.888028529764,33226.35547443232,13.558207966027222,14376
287,10,50,10,50,10000,100000,1639568.2692417707,470801.2753651511,97.5939390921874,100000
284,70,10,10,50,10000,100000,2115025.4564526533,1392715.4264309062,21.858896449471217,100000
285,100,10,10,50,10000,100000,3038003.402901065,1790361.3859335145,26.37484208893929,100000
288,50,50,10,50,10000,100000,7395540.845076956,1219252.796842613,106.32046931458767,100000
291,1,70,10,50,10000,11280,36301.267367262015,35302.43879615519,13.959688881526086,11280
292,10,70,10,50,10000,100000,2291515.1744467933,484827.85487258306,106.468345615096,100000
289,70,50,10,50,10000,100000,1.108782261135934E7,1735943.3295479233,105.33957621866044,100000
290,100,50,10,50,10000,100000,1.6131400368093502E7,2338899.092568786,111.24148520833359,100000
293,50,70,10,50,10000,100000,1.1418076569350561E7,1696157.1902125918,107.46135308250734,100000
296,1,100,10,50,10000,10080,43555.7183176949,42513.75884759861,14.952292559447002,10080
294,70,70,10,50,10000,100000,1.5978023450522993E7,3465731.8527776944,13.856631821614018,100000
297,10,100,10,50,10000,100000,2962136.3973396025,611007.1407040794,106.03110041085527,100000
299,70,100,10,50,10000,36211,8060472.462608573,3261711.8726029578,9.984013267166624,36211
298,50,100,10,50,10000,46051,7583297.986870851,2644433.6407175837,9.957086006115784,46051
300,100,100,10,50,10000,16172,5188844.544635234,1781355.1992388228,9.612804459202962,16172
301,1,1,50,50,10000,100000,10000,600,50.5,100000
295,100,70,10,50,10000,100000,2.3036299120837387E7,3203695.1776224757,110.05222658554925,100000
302,10,1,50,50,10000,100000,10000,5000,50.5,100000
303,50,1,50,50,10000,100000,10000,3900,50.5,100000
304,70,1,50,50,10000,100000,10000,3300,50.5,100000
306,1,10,50,50,10000,68250,32798.4495984975,32448.997499999998,51.51505,68250
307,10,10,50,50,10000,100000,271659.35727820016,264676.9857958047,54.68426363421804,100000
305,100,1,50,50,10000,100000,10000,3700,50.5,100000
308,50,10,50,50,10000,100000,1362569.8207892184,1296121.7583962935,58.04844776849993,100000
311,1,50,50,50,10000,38520,74202.30954099123,72945.30895969227,58.53836951293223,38520
309,70,10,50,50,10000,100000,1779033.8916818397,1694153.931767646,58.04844776849993,100000
312,10,50,50,50,10000,100000,1516290.9810421625,1078943.3971899985,97.94566393873902,100000
310,100,10,50,50,10000,100000,2669119.188666599,2542647.7215202246,56.90466402166447,100000
313,50,50,50,50,10000,100000,7657169.3153835,3940102.35904613,124.63571651600547,100000
316,1,70,50,50,10000,38701,100332.65053403596,98422.561499269,63.29789018455071,38701
317,10,70,50,50,10000,100000,2256504.6708091237,1224231.5487897145,124.8877748632452,100000
314,70,50,50,50,10000,100000,1.1205217363274945E7,5411779.892818042,125.16954209739971,100000
315,100,50,50,50,10000,100000,1.5450009074563408E7,7128394.232733339,126.52206570195379,100000
318,50,70,50,50,10000,100000,1.1320624325632827E7,5248629.545867934,126.01409281766487,100000
319,70,70,50,50,10000,100000,1.3219219577328455E7,5979580.0861363225,129.27292130033575,100000
321,1,100,50,50,10000,100000,337121.81438584207,324245.92669357185,86.9218035805151,100000
320,100,70,50,50,10000,69331,1.4228162844155002E7,8224239.296361885,49.83335811644145,69331
323,50,100,50,50,10000,23221,3733991.618892263,2697295.0807186277,49.97101940437557,23221
322,10,100,50,50,10000,100000,3305691.6220999854,1611659.1040248987,125.02774815747526,100000
326,1,1,70,50,10000,100000,10000,3500,70.7,100000
327,10,1,70,50,10000,100000,10000,2600,70.7,100000
324,70,100,50,50,10000,100000,2.170946576841095E7,1.0094280511637695E7,73.74497280747431,100000
325,100,100,50,50,10000,100000,3.157980020124869E7,1.3716129974571897E7,128.8229973888126,100000
328,50,1,70,50,10000,100000,10000,2700,70.7,100000
329,70,1,70,50,10000,100000,10000,4500,70.7,100000
331,1,10,70,50,10000,100000,37546.7156130551,37404.0351,72.8422807,100000
332,10,10,70,50,10000,100000,231436.45475469565,226362.55403144646,75.79996939396563,100000
330,100,1,70,50,10000,100000,10000,3500,70.7,100000
333,50,10,70,50,10000,100000,1277369.8919354004,1233098.0151065935,77.32354877878433,100000
334,70,10,70,50,10000,100000,1683179.7727658045,1626608.8637139895,77.32354877878433,100000
336,1,50,70,50,10000,51690,96198.67098681605,94398.84681204194,85.18412598132363,51690
337,10,50,70,50,10000,100000,1250311.3359440167,813205.506582715,134.78789545046823,100000
335,100,10,70,50,10000,100000,2507604.8482383396,2396226.586492809,79.66652963033027,100000
338,50,50,70,50,10000,100000,5398321.301178268,3195538.4686955265,142.19399233421606,100000
341,1,70,70,50,10000,58200,145807.24215736712,143451.3801892857,91.30223137704587,58200
339,70,50,70,50,10000,100000,1.0252436421964884E7,5787193.971519458,140.74389940811227,100000
342,10,70,70,50,10000,100000,1243711.0679259151,808727.8534841436,135.85162659215163,100000
340,100,50,70,50,10000,100000,1.2510942328297703E7,7309144.189216788,139.23786465110112,100000
343,50,70,70,50,10000,100000,1.1256740979934715E7,6208971.233969362,140.37804438304588,100000
346,1,100,70,50,10000,0,10000,0,70,0
344,70,70,70,50,10000,100000,9925605.489112375,5823476.885165168,137.96215319051024,100000
347,10,100,70,50,10000,100000,2299671.1510512726,1431915.176988403,138.49308782573698,100000
345,100,70,70,50,10000,100000,1.24748528854184E7,7228514.078765666,144.90784846708698,100000
350,100,100,70,50,10000,16806,5463961.181050169,4067982.7209663275,69.474068631243,16806
351,1,1,100,50,10000,100000,10000,2600,101,100000
349,70,100,70,50,10000,100000,1.1107276860534906E7,6631310.244419195,138.1578379569479,100000
348,50,100,70,50,10000,100000,1.1159563885082964E7,6178211.849194782,144.01173260376473,100000
352,10,1,100,50,10000,100000,10000,5000,101,100000
353,50,1,100,50,10000,100000,10000,3100,101,100000
356,1,10,100,50,10000,100000,39985.778393990004,38395.99,104.060401,100000
354,70,1,100,50,10000,100000,10000,3700,101,100000
357,10,10,100,50,10000,100000,269472.7170534222,262695.54273085995,108.28567056280801,100000
355,100,1,100,50,10000,100000,10000,4000,101,100000
358,50,10,100,50,10000,100000,1164530.1771711314,1106636.2213810834,112.68250301319698,100000
359,70,10,100,50,10000,100000,1693682.3416173703,1615916.0115099298,112.68250301319698,100000
361,1,50,100,50,10000,69570,125998.85489018692,123997.99164984924,125.37898597526248,69570
362,10,50,100,50,10000,100000,1054298.8391030824,808383.5493589364,152.04964926825716,100000
360,100,10,100,50,10000,100000,2375408.7898370884,2242413.785242029,116.09689553699987,100000
363,50,50,100,50,10000,100000,5899592.878562062,4184298.77225685,150.70375105342163,100000
366,1,70,100,50,10000,29340,78462.55816397257,76584.35054538299,121.65605662917001,29340
364,70,50,100,50,10000,100000,8472231.225961803,6015115.835776636,150.82318817744442,100000
365,100,50,100,50,10000,100000,1.3728052672089105E7,9537951.85307447,150.47049576022903,100000
367,10,70,100,50,10000,100000,1755103.7185122145,1307470.9491553337,151.25776674558003,100000
368,50,70,100,50,10000,100000,7557071.819387608,5283887.114893106,150.57660125378445,100000
371,1,100,100,50,10000,39240,140846.721329252,138356.75176680536,136.8887768877916,39240
369,70,70,100,50,10000,100000,1.0631841573116422E7,7393865.272644834,150.53143279055575,100000
372,10,100,100,50,10000,100000,2689890.9906833638,1992204.1262333593,149.60161961617987,100000
370,100,70,100,50,10000,100000,1.5251345451902412E7,1.0063861848565036E7,159.24668951719525,100000
373,50,100,100,50,10000,100000,1.0794103051312834E7,7458626.874286724,153.22702103057526,100000
376,1,1,1,70,10000,37710,11326.80444985445,11193.328771897612,1.18112676339,37710
374,70,100,100,50,10000,100000,1.746581410872375E7,1.1698908210380964E7,156.27291838190527,100000
377,10,1,1,70,10000,42332,23478.728443086216,23232.18302573872,1.4389729262183442,42332
378,50,1,1,70,10000,100000,170101.648888237,137193.13858004657,2.018632413306486,100000
375,100,100,100,50,10000,100000,2.1109711567262206E7,1.4271557324071009E7,153.61536122168144,100000
381,1,10,1,70,10000,6278,12155.123623012567,11989.1654274048,1.2411306869828773,6278
379,70,1,1,70,10000,100000,213984.46191413928,147770.98753189459,2.4108523173669516,100000
382,10,10,1,70,10000,100000,332561.22896790225,124506.55361456309,14.97698777486457,100000
383,50,10,1,70,10000,100000,1567333.7712610478,193757.56674916606,37.53056452962517,100000
380,100,1,1,70,10000,100000,299452.62099392706,214940.78101670693,2.2973919852489466,100000
386,1,50,1,70,10000,2502,14180.479220173853,14078.980996005204,1.2081089504435316,2502
387,10,50,1,70,10000,100000,1612994.340215425,181765.5098437194,100.69609363774389,100000
384,70,10,1,70,10000,100000,2149481.447882176,227760.17882165837,47.08208518555376,100000
385,100,10,1,70,10000,100000,2861385.338754993,272541.9199680909,53.49598073303032,100000
388,50,50,1,70,10000,100000,8145894.098825971,373691.53340802254,100.47215827111569,100000
391,1,70,1,70,10000,1321,13003.073191214255,12884.903104463,1.1494742132376223,1321
392,10,70,1,70,10000,100000,2295454.505704632,214840.56763151533,101.0931103908159,100000
389,70,50,1,70,10000,100000,1.1085895220509004E7,457700.4980093285,101.41708871479393,100000
393,50,70,1,70,10000,53131,5461511.485308573,938804.2098614025,0.9914438193955947,53131
395,100,70,1,70,10000,17642,4089522.86284864,621165.6912947994,0.99466228789533,17642
396,1,100,1,70,10000,966,13233.919133372921,13183.74213550763,1.1609689553699987,966
394,70,70,1,70,10000,43141,7018860.565328148,930590.3229483006,0.9913287260034624,43141
390,100,50,1,70,10000,100000,1.6636554282320838E7,818382.0992538542,3.627210472410845,100000
398,50,100,1,70,10000,17462,2862984.7851806884,393945.7271844391,0.9917870154760754,17462
399,70,100,1,70,10000,16205,3787919.053975318,496149.9381487254,0.9639998826971169,16205
397,10,100,1,70,10000,100000,3297420.2242064793,282221.01072533574,101.88157878376416,100000
400,100,100,1,70,10000,16090,5370994.524952663,632563.5432376321,0.9863167930887247,16090
401,1,1,10,70,10000,100000,11917.99,7199,10.201,100000
402,10,1,10,70,10000,100000,29234.509583939907,25186.9599,10.4060401,100000
403,50,1,10,70,10000,100000,106135.60557393995,102136.85990000005,10.4060401,100000
404,70,1,10,70,10000,100000,142595.40438600007,137216.86000000004,10.30301,100000
406,1,10,10,70,10000,44341,24841.905089886302,24413.583386658607,11.929380310239004,44341
407,10,10,10,70,10000,100000,251490.7458168888,216830.37577607948,17.23692247847915,100000
405,100,1,10,70,10000,100000,202234.9119498796,196675.7397999998,10.4060401,100000
408,50,10,10,70,10000,100000,1557225.907233948,1109246.5427182508,18.659664120406468,100000
411,1,50,10,70,10000,19291,42213.30112422761,40981.76719236168,15.691022544747034,19291
409,70,10,10,70,10000,100000,2220596.471216687,1240045.4347701883,26.62302798102966,100000
412,10,50,10,70,10000,100000,1626105.5832198209,497160.8242015334,80.82275662796039,100000
410,100,10,10,70,10000,100000,2983277.4846624257,1927600.3642695185,22.29826026810559,100000
413,50,50,10,70,10000,100000,7758436.353381528,1307581.8049977005,105.87085291866869,100000
416,1,70,10,70,10000,13590,41712.85820846232,40610.55566133136,14.809833934411026,13590
417,10,70,10,70,10000,100000,2048897.2539559486,475238.44860602485,104.74874655076208,100000
414,70,50,10,70,10000,100000,1.144185898229756E7,2793234.3552953466,12.915573211167574,100000
415,100,50,10,70,10000,100000,1.5901843786707304E7,3688375.9415920274,11.333656871657798,100000
420,100,70,10,70,10000,17793,4139401.1879840503,1701308.549158387,9.680027093460557,17793
421,1,100,10,70,10000,7650,35476.05626475532,34749.38936010682,13.68346582398623,7650
418,50,70,10,70,10000,100000,1.1256555486649811E7,1687594.4472445934,104.5089338862134,100000
422,10,100,10,70,10000,100000,3282194.990772673,648246.2179806138,104.65585507366472,100000
424,70,100,10,70,10000,19742,4526324.323141677,1764072.6239538505,9.995445343061618,19742
425,100,100,10,70,10000,17766,5788574.06997761,1885087.866574125,9.687695023954472,17766
419,70,70,10,70,10000,100000,1.5924886042043831E7,2504605.8778665164,45.82322081303386,100000
423,50,100,10,70,10000,100000,1.642002937805526E7,2346238.1610258454,104.8730899815783,100000
426,1,1,50,70,10000,100000,10000,2800,50.5,100000
427,10,1,50,70,10000,100000,10000,3400,50.5,100000
428,50,1,50,70,10000,100000,10000,3900,50.5,100000
431,1,10,50,70,10000,91293,40497.3479344273,40047.487474999994,52.0302005,91293
429,70,1,50,70,10000,100000,10000,3800,50.5,100000
432,10,10,50,70,10000,100000,272056.30705147196,266768.81347569433,54.68426363421804,100000
433,50,10,50,70,10000,100000,1377134.2197463762,1309987.1569627863,57.47371066188112,100000
430,100,1,50,70,10000,100000,10000,4000,50.5,100000
436,1,50,50,70,10000,33542,65921.37634363738,64772.22743533888,57.958781695972505,33542
434,70,10,50,70,10000,100000,1826167.3307524626,1738340.1829533488,58.04844776849993,100000
437,10,50,50,70,10000,100000,1619586.2681155526,900660.943049483,124.78823557028586,100000
435,100,10,50,70,10000,100000,2626446.4162752293,2496316.346287277,58.04844776849993,100000
438,50,50,50,70,10000,100000,7393525.426366075,3795555.931246988,125.7549785541116,100000
441,1,70,50,70,10000,46170,117776.3960264383,115697.50915608618,64.57017777726017,46170
442,10,70,50,70,10000,100000,2300083.2339475956,1229107.7758930586,126.1114265427218,100000
439,70,50,50,70,10000,100000,1.1061312003943961E7,5274099.440410573,126.08879096114782,100000
443,50,70,50,70,10000,71672,7713814.2679872755,5387160.335999003,49.831523809737014,71672
440,100,50,50,70,10000,100000,1.579204982214864E7,7451271.677560259,126.01414261423517,100000
446,1,100,50,70,10000,0,10000,0,50,0
447,10,100,50,70,10000,100000,3299581.49311421,1590740.2007232397,125.51570939035429,100000
444,70,70,50,70,10000,100000,1.1160664616552398E7,5337751.473676654,126.6440342714176,100000
445,100,70,50,70,10000,100000,1.6524336065998256E7,7829617.664235664,124.8938599890347,100000
448,50,100,50,70,10000,100000,1.5549427128737703E7,6870374.503858593,124.91541491280744,100000
450,100,100,50,70,10000,25561,7736188.131201972,5548003.766167308,49.90405322097413,25561
451,1,1,70,70,10000,100000,10000,0,70.7,100000
452,10,1,70,70,10000,100000,10000,3300,70.7,100000
449,70,100,50,70,10000,100000,1.9927543063334566E7,8805200.517577618,123.12320875510555,100000
453,50,1,70,70,10000,100000,10000,3700,70.7,100000
456,1,10,70,70,10000,100000,37546.7156130551,35404.0351,72.8422807,100000
454,70,1,70,70,10000,100000,10000,4200,70.7,100000
457,10,10,70,70,10000,100000,250381.61549427258,245997.08472981592,76.55796908790528,100000
458,50,10,70,70,10000,100000,1249383.841685497,1206826.5336869578,76.55796908790528,100000
459,70,10,70,70,10000,100000,1748702.3775234316,1687786.3514626883,77.32354877878433,100000
461,1,50,70,70,10000,28322,57235.47880345708,55798.50343889999,81.86027073000001,28322
455,100,1,70,70,10000,100000,10000,3400,70.7,100000
462,10,50,70,70,10000,100000,1450010.2151136491,969162.3375444971,135.25590573230335,100000
460,100,10,70,70,10000,100000,2507608.5054637273,2418191.6960766427,77.32354877878433,100000
463,50,50,70,70,10000,100000,5866724.962555647,3577703.6287859967,136.871789621883,100000
466,1,70,70,70,10000,49680,125975.0869607992,123770.41380785042,89.50321672095468,49680
464,70,50,70,70,10000,100000,7732019.053232523,4520873.19382797,139.41612677218663,100000
467,10,70,70,70,10000,100000,1424997.6102953986,933354.7236241119,135.93490452917962,100000
465,100,50,70,70,10000,100000,9900040.50444497,6052875.145325744,136.25355043757722,100000
468,50,70,70,70,10000,100000,6551190.804038724,3850006.514123961,142.3570427730615,100000
471,1,100,70,70,10000,22831,86110.20552365245,83975.93092731229,87.71401682963157,22831
472,10,100,70,70,10000,100000,2372422.78244081,1452878.7129341927,139.53699959395493,100000
469,70,70,70,70,10000,100000,1.1657282697123926E7,6504035.976366924,136.76524746830148,100000
470,100,70,70,70,10000,100000,1.85867448360387E7,1.0036245199996103E7,142.2533767298146,100000
473,50,100,70,70,10000,100000,1.0560399214203581E7,6133756.278662471,134.6215338948337,100000
476,1,1,100,70,10000,100000,10000,2200,101,100000
477,10,1,100,70,10000,100000,10000,5000,101,100000
474,70,100,70,70,10000,100000,1.941657563446968E7,1.0454526997965883E7,144.68290392796393,100000
475,100,100,70,70,10000,100000,2.760113190401452E7,1.479491465614494E7,142.46464624421478,100000
478,50,1,100,70,10000,100000,10000,4000,101,100000
481,1,10,100,70,10000,100000,39985.778393990004,38695.99,104.060401,100000
482,10,10,100,70,10000,100000,249556.51923295791,243430.09775794,107.213535210701,100000
479,70,1,100,70,10000,100000,10000,3500,101,100000
480,100,1,100,70,10000,100000,10000,3400,101,100000
483,50,10,100,70,10000,100000,1134826.1132179818,1079660.5764149588,112.68250301319698,100000
486,1,50,100,70,10000,29580,59340.924856443016,57798.98660999999,116.94324390000003,29580
487,10,50,100,70,10000,100000,1149116.482677532,886660.1464504132,149.24182110802187,100000
485,100,10,100,70,10000,100000,2294688.8417336773,2164702.2124069724,117.25786449236986,100000
484,70,10,100,70,10000,100000,1699700.2167924305,1600998.7839544187,114.94742132376224,100000
488,50,50,100,70,10000,100000,7324794.024195457,5248382.516042428,116.08230371625476,100000
491,1,70,100,70,10000,25231,68931.5429526984,67249.95620829999,120.45154121700001,25231
489,70,50,100,70,10000,100000,8961810.51006474,6155864.7670308715,153.00789079356048,100000
493,50,70,100,70,10000,16111,1845493.8522945857,1587699.656496768,98.92800897085375,16111
492,10,70,100,70,10000,100000,1650987.9224332278,1312363.9475075623,109.29199882787968,100000
494,70,70,100,70,10000,30151,4165130.4487271677,3359154.8257048023,99.19779454507177,30151
496,1,100,100,70,10000,23280,87629.15775829944,85383.65606160596,128.95542002692022,23280
495,100,70,100,70,10000,26161,5584433.409181404,4545479.036069468,99.95222518183236,26161
490,100,50,100,70,10000,100000,1.3462888251953581E7,9424289.116497979,150.14714969153243,100000
497,10,100,100,70,10000,100000,2477051.3048207085,1833369.8436438735,151.6299463352815,100000
500,100,100,100,70,10000,23131,7234656.232202925,5714051.200067561,99.03749070642763,23131
501,1,1,1,100,10000,42394,11512.333004104406,11392.396944957383,1.14749277269918,42394
498,50,100,100,70,10000,100000,1.4273495930220265E7,9747682.720824888,152.465427064885,100000
502,10,1,1,100,10000,43115,23546.451065685833,23331.824643516527,1.5700482326347354,43115
499,70,100,100,70,10000,100000,2.0669121062147677E7,1.4075283494003957E7,152.06322705170976,100000
503,50,1,1,100,10000,100000,157748.6513109845,112854.21786089467,2.7394042984907836,100000
506,1,10,1,100,10000,4743,11673.429238948971,11591.58858731748,1.1257421197123603,4743
504,70,1,1,100,10000,100000,231945.51533243185,148578.99332251298,2.9663823140471317,100000
507,10,10,1,100,10000,100000,328600.36614721455,123939.64662227058,12.802228137868063,100000
508,50,10,1,100,10000,100000,1602077.242221243,211823.1719719278,30.097381959979426,100000
505,100,1,1,100,10000,100000,305105.94676126447,199210.3984035904,2.7952829601950975,100000
511,1,50,1,100,10000,2310,13940.316957321289,13880.189104955645,1.196147475686665,2310
509,70,10,1,100,10000,100000,2154347.425352572,238685.5594377739,44.830788035905165,100000
512,10,50,1,100,10000,100000,1637157.7734147792,179394.43804200308,101.96703937894203,100000
513,50,50,1,100,10000,100000,7849231.5012196405,353697.1759828316,106.60206262162819,100000
510,100,10,1,100,10000,100000,3063468.150415735,266374.8305584572,60.79511451618533,100000
516,1,70,1,100,10000,1777,14180.479220173853,14078.980996005203,1.2081089504435316,1777
517,10,70,1,100,10000,100000,2295263.8721043346,225922.88899654383,100.66043095374695,100000
514,70,50,1,100,10000,100000,1.1247864134812977E7,459740.3350190775,100.21098365719928,100000
515,100,50,1,100,10000,77491,1.2608377326146882E7,1133263.3941024537,0.9920426548237161,77491
520,100,70,1,100,10000,23552,5014689.450799506,950022.9671339998,0.9942772215402141,23552
521,1,100,1,100,10000,774,12548.176239761939,12487.190671956669,1.1268250301319698,774
518,50,70,1,100,10000,100000,1.038761211452376E7,429786.92451563146,103.62536723310022,100000
523,50,100,1,100,10000,18935,3152401.220038031,524390.0131466775,0.9961220595159013,18935
522,10,100,1,100,10000,100000,3306764.163111928,270505.3345004364,86.86974431480085,100000
524,70,100,1,100,10000,34501,7734191.056191514,1187297.7582284731,0.9927494788655754,34501
525,100,100,1,100,10000,15545,5091838.243444718,692343.2725391188,0.9406244079788945,15545
526,1,1,10,100,10000,100000,11917.99,6599,10.201,100000
519,70,70,1,100,10000,100000,1.5931452189974733E7,1012055.6683254166,1.5750420467955926,100000
527,10,1,10,100,10000,100000,29198.049599000005,26588.99,10.30301,100000
528,50,1,10,100,10000,100000,106062.84639100006,101840.91000000005,10.30301,100000
531,1,10,10,100,10000,44250,24841.905089886302,24313.583386658607,11.929380310239004,44250
532,10,10,10,100,10000,100000,229341.06380423528,195706.5487213961,17.58338462029658,100000
529,70,1,10,100,10000,100000,144640.441579,139908.79000000004,10.30301,100000
530,100,1,10,100,10000,100000,202107.54318299977,195782.82999999984,10.30301,100000
533,50,10,10,100,10000,100000,1504418.4588211926,1039218.0631983718,20.005685561930534,100000
536,1,50,10,100,10000,19295,42213.30112422761,40981.76719236168,15.691022544747034,19295
537,10,50,10,100,10000,100000,1627718.158956268,479182.66656673414,84.91113487286935,100000
534,70,10,10,100,10000,100000,2159434.986830954,1364361.5456939572,22.514663342955362,100000
535,100,10,10,100,10000,100000,2995109.7312376145,1834225.109788325,24.870195274813092,100000
538,50,50,10,100,10000,100000,8002274.888816317,1346522.9392594185,105.68345267364485,100000
541,1,70,10,100,10000,7984,28718.742648838066,28009.150101310333,12.775092847093633,7984
539,70,50,10,100,10000,100000,1.1384095869714336E7,1690460.5687967897,107.20790232723901,100000
542,10,70,10,100,10000,100000,2286036.155501891,532998.3243505567,105.89527857014173,100000
540,100,50,10,100,10000,100000,1.6180963251697915E7,2576761.37093299,104.80508715186778,100000
544,70,70,10,100,10000,36847,5673695.135993832,2381696.947385019,9.995739344445573,36847
546,1,100,10,100,10000,9212,40788.83085858879,39663.281773193085,14.516788892666993,9212
543,50,70,10,100,10000,69092,7539620.231239769,2759799.8391052866,9.977489130972748,69092
548,50,100,10,100,10000,17676,2897247.1418573293,1082557.3164604087,9.682904882733544,17676
547,10,100,10,100,10000,100000,2978801.0134875565,597780.5946688782,105.05779144217365,100000
545,100,70,10,100,10000,49441,1.071204809056943E7,3540269.6162713347,9.967652301217678,49441
550,100,100,10,100,10000,14612,4816059.557164338,1869802.6444719094,9.597979190400517,14612
549,70,100,10,100,10000,25083,5702307.050914719,2307703.7496753344,9.941982274856873,25083
551,1,1,50,100,10000,100000,10000,2900,50.5,100000
552,10,1,50,100,10000,100000,10000,4600,50.5,100000
553,50,1,50,100,10000,100000,10000,3800,50.5,100000
554,70,1,50,100,10000,100000,10000,3100,50.5,100000
556,1,10,50,100,10000,100000,40497.3479344273,40347.487474999994,52.550502505,100000
557,10,10,50,100,10000,100000,249749.27486089003,243738.67823415398,56.34125150659849,100000
555,100,1,50,100,10000,100000,10000,3700,50.5,100000
558,50,10,50,100,10000,100000,1188646.4416300103,1135714.6047165117,58.04844776849993,100000
561,1,50,50,100,10000,18782,41369.676177858,40280.251375,56.254222500000004,18782
559,70,10,50,100,10000,100000,1928775.0997288744,1832560.5493472207,58.04844776849993,100000
562,10,50,50,100,10000,100000,1621273.9166955552,905388.2557780896,126.07393632479416,100000
560,100,10,50,100,10000,100000,2684191.939942188,2546120.2053759503,58.04844776849993,100000
563,50,50,50,100,10000,100000,7888334.083562666,3822573.559818482,126.29487315524433,100000
566,1,70,50,100,10000,27635,74513.28784060289,72923.54851270921,61.436308597730864,27635
564,70,50,50,100,10000,100000,1.1024251585797556E7,5196096.123251415,124.82532994806314,100000
567,10,70,50,100,10000,100000,2250181.580615099,1220318.6578043457,126.17351390550522,100000
565,100,50,50,100,10000,100000,1.5083941943568802E7,7114673.944420522,126.59312400490201,100000
568,50,70,50,100,10000,100000,1.1010815204893816E7,4978792.390546325,128.59652132712603,100000
571,1,100,50,100,10000,27453,101597.83105803515,99260.54739519847,67.1078014259304,27453
569,70,70,50,100,10000,100000,1.4389691121378588E7,7036630.284938967,104.83345950527026,100000
573,50,100,50,100,10000,20731,3299106.244682292,2369247.0695558502,49.8447337115408,20731
572,10,100,50,100,10000,100000,3326858.443540897,1535640.678660785,130.82555708565857,100000
570,100,70,50,100,10000,100000,1.5467321301086873E7,7304958.854599642,126.59594377884108,100000
576,1,1,70,100,10000,100000,10000,7900,70.7,100000
577,10,1,70,100,10000,100000,10000,4500,70.7,100000
574,70,100,50,100,10000,100000,2.3117851726158876E7,1.0323074680202095E7,124.54055958900744,100000
575,100,100,50,100,10000,100000,2.9955508911249403E7,1.2870856468661223E7,129.75497363094289,100000
578,50,1,70,100,10000,100000,10000,3800,70.7,100000
581,1,10,70,100,10000,100000,37546.7156130551,34804.0351,72.8422807,100000
579,70,1,70,100,10000,100000,10000,3000,70.7,100000
582,10,10,70,100,10000,100000,287133.55767040025,281019.8615792805,75.04947464749071,100000
583,50,10,70,100,10000,100000,1249072.813662271,1208335.0613808236,76.55796908790528,100000
580,100,1,70,100,10000,100000,10000,3600,70.7,100000
584,70,10,70,100,10000,100000,1708943.3323397387,1634419.367251897,78.87775210923789,100000
586,1,50,70,100,10000,45810,86418.18110975334,84561.73563073459,84.34071879338974,45810
587,10,50,70,100,10000,100000,1475119.318795614,1005188.2304006171,136.70305931453262,100000
585,100,10,70,100,10000,100000,2292973.1891564033,2215738.2773749745,77.32354877878433,100000
588,50,50,70,100,10000,100000,5631018.850261855,3303620.4414539984,140.76804917766435,100000
591,1,70,70,100,10000,36990,96365.15724387928,94380.60769965664,86.87094035719143,36990
589,70,50,70,100,10000,100000,7076460.124340588,4381304.807090867,119.05809537734308,100000
592,10,70,70,100,10000,100000,1792602.8842920808,1103682.625527104,135.91957278794746,100000
590,100,50,70,100,10000,100000,9610175.215520317,5624855.942648895,144.9041177443666,100000
593,50,70,70,100,10000,100000,9223319.010692041,5415173.049037449,136.70168385139613,100000
596,1,100,70,100,10000,19860,76261.15090611503,74315.91210538651,86.845561217457,19860
594,70,70,70,100,10000,100000,8621776.875304874,5313736.289190462,136.2423666781689,100000
597,10,100,70,100,10000,100000,2380068.1853684476,1534174.271697835,136.23074080370534,100000
598,50,100,70,100,10000,28261,3855206.3984005987,3131318.2573706773,69.40641091606692,28261
595,100,70,70,100,10000,100000,1.6722404244838629E7,9591242.0014086,139.29997637011255,100000
601,1,1,100,100,10000,100000,10000,2800,101,100000
599,70,100,70,100,10000,100000,1.883867648652707E7,1.0524556715132121E7,134.46896101796662,100000
602,10,1,100,100,10000,100000,10000,4100,101,100000
600,100,100,70,100,10000,100000,1.9287044543340176E7,1.1075755801550582E7,134.6707773998949,100000
603,50,1,100,100,10000,100000,10000,2900,101,100000
604,70,1,100,100,10000,100000,10000,4100,101,100000
606,1,10,100,100,10000,100000,39985.778393990004,39895.99,104.060401,100000
607,10,10,100,100,10000,100000,239573.68542549008,233336.0868478899,108.28567056280801,100000
608,50,10,100,100,10000,100000,1163272.66367231,1099393.245892756,113.80932804332895,100000
605,100,1,100,100,10000,100000,10000,3400,101,100000
611,1,50,100,100,10000,41130,78640.60497412785,76958.33866586098,119.29380310239003,41130
609,70,10,100,100,10000,100000,1592394.7349912045,1514353.024390761,114.94742132376224,100000
612,10,50,100,100,10000,100000,1542111.5309164296,1125717.0529608377,151.51337811371548,100000
610,100,10,100,100,10000,100000,2286553.4585878714,2170810.0901386025,117.25786449236986,100000
613,50,50,100,100,10000,100000,6411433.592510022,4468213.107253192,153.6344064906025,100000
616,1,70,100,100,10000,29311,78462.55816397257,76584.35054538299,121.65605662917001,29311
617,10,70,100,100,10000,100000,2240798.443185842,1592116.2625000235,157.56847614958386,100000
614,70,50,100,100,10000,100000,9483025.133803636,6613088.051307905,152.0239127101527,100000
615,100,50,100,100,10000,100000,1.17472411493222E7,8096882.414710862,154.05864692971113,100000
620,100,70,100,100,10000,15751,3393803.3426018255,2860914.0668974193,95.78751812580167,15751
618,50,70,100,100,10000,100000,9185643.430444853,6179393.937707099,154.88710775987198,100000
621,1,100,100,100,10000,41791,149383.07242426983,146830.9853011384,138.25766465666953,41791
619,70,70,100,100,10000,100000,9053528.1277913,6265692.558525351,152.49566646503172,100000
622,10,100,100,100,10000,100000,2573854.5816731746,1904509.4163421127,149.84244540506464,100000
624,70,100,100,100,10000,16022,3158071.9067649962,2684740.540336441,96.33092497528939,16022
623,50,100,100,100,10000,100000,1.1888112581493864E7,8336463.81849317,149.89929126503168,100000
625,100,100,100,100,10000,100000,2.5284600376411155E7,1.6704121733144393E7,157.42829083613333,100000